<?xml version="1.0" encoding="UTF-8"?>
<project-private xmlns="http://www.netbeans.org/ns/project-private/1">
    <editor-bookmarks xmlns="http://www.netbeans.org/ns/editor-bookmarks/2" lastBookmarkId="0"/>
    <open-files xmlns="http://www.netbeans.org/ns/projectui-open-files/2">
        <group>
            <file>file:/E:/Preeti%20PHP/prt/Project/MyAccount/MyAccount/controllers/userform.php</file>
            <file>file:/E:/Preeti%20PHP/prt/Project/MyAccount/MyAccount/income/incomeadd.php</file>
            <file>file:/E:/Preeti%20PHP/prt/Project/MyAccount/MyAccount/beans/Income.php</file>
            <file>file:/E:/Preeti%20PHP/prt/Project/MyAccount/MyAccount/index.php</file>
            <file>file:/E:/Preeti%20PHP/prt/Project/MyAccount/MyAccount/controllers/authentication.php</file>
            <file>file:/E:/Preeti%20PHP/prt/Project/MyAccount/MyAccount/Daos/UsersDao.php</file>
            <file>file:/E:/Preeti%20PHP/prt/Project/MyAccount/MyAccount/design/header.html</file>
            <file>file:/E:/Preeti%20PHP/prt/Project/MyAccount/MyAccount/Daos/IncomeDao.php</file>
            <file>file:/E:/Preeti%20PHP/prt/Project/MyAccount/MyAccount/utilities/dbconnect.php</file>
            <file>file:/E:/Preeti%20PHP/prt/Project/MyAccount/MyAccount/design/footer.html</file>
            <file>file:/E:/Preeti%20PHP/prt/Project/MyAccount/MyAccount/register.php</file>
        </group>
    </open-files>
</project-private>
